index,name,email,profile_pic
0,Charles Hughes,charles_hughes@catalystgrowth.info,https://randomuser.me/api/portraits/men/97.jpg
1,Helen Abbott,helen_abbott@coreachievers.co,https://randomuser.me/api/portraits/men/139.jpg
2,Joyce Cook,joyce_cook@brightfuturesolutions.tech,https://randomuser.me/api/portraits/women/64.jpg
3,Janet Bishop,janet_bishop@apexinnovate.tech,https://randomuser.me/api/portraits/women/27.jpg
4,Babara Crump,babara_crump@prosolutions.com,https://randomuser.me/api/portraits/men/121.jpg
5,Brenda Peak,brenda_peak@summitascent.org,https://randomuser.me/api/portraits/women/65.jpg
6,Betty Little,betty_little@strategicedge.net,https://randomuser.me/api/portraits/men/17.jpg
7,Lauren Gallegos,lauren_gallegos@primeadvisors.info,https://randomuser.me/api/portraits/men/20.jpg
8,Herman Dull,herman_dull@optimindgroup.biz,https://randomuser.me/api/portraits/women/62.jpg
9,Rebecca Ogren,rebecca_ogren@globalimpact.co,https://randomuser.me/api/portraits/women/18.jpg
10,Leroy Peters,leroy_peters@brightfuturesolutions.tech,https://randomuser.me/api/portraits/men/75.jpg
11,Ellen Frink,ellen_frink@summitascent.org,https://randomuser.me/api/portraits/women/29.jpg
12,Portia Snyder,portia_snyder@infinitepossibilities.biz,https://randomuser.me/api/portraits/men/33.jpg
13,Lorene Murray,lorene_murray@elevatesuccess.org,https://randomuser.me/api/portraits/women/126.jpg
14,Christopher Hart,christopher_hart@summitascent.org,https://randomuser.me/api/portraits/men/132.jpg
15,Sharon Partain,sharon_partain@instagram.com,https://randomuser.me/api/portraits/women/82.jpg
16,Thomas Vanhofwegen,thomas_vanhofwegen@summitascent.org,https://randomuser.me/api/portraits/men/25.jpg
17,Eduardo Bode,eduardo_bode@premieralliance.com,https://randomuser.me/api/portraits/men/107.jpg
18,Vita Campion,vita_campion@summitascent.org,https://randomuser.me/api/portraits/men/130.jpg
19,Emily Shelly,emily_shelly@futureforward.net,https://randomuser.me/api/portraits/women/56.jpg
20,Don Thomas,don_thomas@instagram.com,https://randomuser.me/api/portraits/men/123.jpg
21,Janice Napier,janice_napier@spotify.com,https://randomuser.me/api/portraits/men/1.jpg
22,Wallace Duffy,wallace_duffy@masterfulresults.net,https://randomuser.me/api/portraits/men/105.jpg
23,Marvel Johnson,marvel_johnson@coreachievers.co,https://randomuser.me/api/portraits/men/61.jpg
24,Ferdinand Sims,ferdinand_sims@venturepinnacle.io,https://randomuser.me/api/portraits/women/43.jpg
25,Robert Koons,robert_koons@apexinnovate.tech,https://randomuser.me/api/portraits/men/65.jpg
26,Wallace Evans,wallace_evans@venturepinnacle.io,https://randomuser.me/api/portraits/women/24.jpg
27,Everett Marshall,everett_marshall@strategicedge.net,https://randomuser.me/api/portraits/women/24.jpg
28,Roy Welle,roy_welle@quantumleap.com,https://randomuser.me/api/portraits/women/112.jpg
29,Rubin Barnhill,rubin_barnhill@coreachievers.co,https://randomuser.me/api/portraits/men/149.jpg
30,Richard Johnson,richard_johnson@elevatesuccess.org,https://randomuser.me/api/portraits/women/12.jpg
31,Scott Heifner,scott_heifner@futureforward.net,https://randomuser.me/api/portraits/men/50.jpg
32,Lakisha Guercio,lakisha_guercio@catalystgrowth.info,https://randomuser.me/api/portraits/women/88.jpg
33,Michael Pierre,michael_pierre@synergypath.io,https://randomuser.me/api/portraits/men/102.jpg
34,Paul Roberts,paul_roberts@elevatesuccess.org,https://randomuser.me/api/portraits/women/65.jpg
35,Angela Rice,angela_rice@synergypath.io,https://randomuser.me/api/portraits/women/8.jpg
36,Lucy Beck,lucy_beck@instagram.com,https://randomuser.me/api/portraits/women/101.jpg
37,Mike Ortega,mike_ortega@infinitepossibilities.biz,https://randomuser.me/api/portraits/men/71.jpg
38,Warren Yates,warren_yates@apexinnovate.tech,https://randomuser.me/api/portraits/women/116.jpg
39,Kendrick Weeks,kendrick_weeks@catalystgrowth.info,https://randomuser.me/api/portraits/men/138.jpg
40,Paul Ward,paul_ward@masterfulresults.net,https://randomuser.me/api/portraits/men/145.jpg
41,Richard Adair,richard_adair@instagram.com,https://randomuser.me/api/portraits/men/79.jpg
42,Mary Schrunk,mary_schrunk@gmail.com,https://randomuser.me/api/portraits/men/6.jpg
43,Jamie Ellsworth,jamie_ellsworth@catalystgrowth.info,https://randomuser.me/api/portraits/women/53.jpg
44,Candice Dubinsky,candice_dubinsky@apexinnovate.tech,https://randomuser.me/api/portraits/men/8.jpg
45,Ilana Nims,ilana_nims@truenorthconsult.co,https://randomuser.me/api/portraits/men/31.jpg
46,Victoria Clines,victoria_clines@gmail.com,https://randomuser.me/api/portraits/women/104.jpg
47,Albert Gobel,albert_gobel@venturepinnacle.io,https://randomuser.me/api/portraits/women/54.jpg
48,Robert Ferguson,robert_ferguson@premieralliance.com,https://randomuser.me/api/portraits/men/14.jpg
49,Joseph Scheidecker,joseph_scheidecker@gmail.com,https://randomuser.me/api/portraits/men/106.jpg
